<?xml version="1.0" encoding="UTF-8" standalone="yes"?>
<addon id="plugin.video.kisscartoon" name="KissCartoon" version="1.0.0" provider-name="NaN">
    <requires>
        <import addon="xbmc.python" version="2.25.0"/>
        <import addon="script.module.routing" version="0.2.3"/>
        <import addon="script.module.requests" version="2.22.0"/>
        <import addon="script.module.simple.downloader" version="1.9.5"/>
    </requires>
    <extension point="xbmc.python.pluginsource" library="main.py">
        <provides>video</provides>
    </extension>
    <extension point="xbmc.addon.metadata">
        <summary></summary>
        <description>[B]KissCartoon[/B][CR][CR]This addon does not form part of the Kodi Media Centre. Please do not seek assistance with this addon from any of the Official Kodi Support Channels.[CR][CR]The author does not host any of the content in this addon and takes no responsibility for content found.</description>
        <language></language>
        <platform>all</platform>
        <license>Apache-2.0</license>
        <forum></forum>
        <website>ananymity.github.io/kisscartoon</website>
        <email>chicircuits@protonmail.com</email>
        <source></source>
        <news></news>
        <disclaimer>The author of this addon does not host any of the content which is found and have no affiliation with any of the content providers. This addon simply searches websites for content. Use at your own risk!</disclaimer>
        <assets>
            <icon>resources/media/icon.png</icon>
            <fanart>resources/media/fanart.jpg</fanart>
        </assets>
    </extension>
</addon>
